ticker,market_cap,pe_ratio,book_value_per_share,roce,roe,promoter_holding,revenue_cagr_3y,eps_cagr_3y,net_income,net_income_prev,revenue,revenue_prev,gross_profit,gross_profit_prev,ebit,shares_outstanding,shares_outstanding_prev,total_assets,total_assets_prev,total_liabilities,long_term_debt,long_term_debt_prev,retained_earnings,book_value_equity,book_value_equity_prev,current_assets,current_assets_prev,current_liabilities,current_liabilities_prev,working_capital,operating_cash_flow,debt_equity,ev_ebitda,piotroski_score,altman_zscore,altman_zone
3MINDIA,37546.0,69.2,1570.0,50.0,30.0,75.0,10.888522648204368,(7.869084888177702+0j),522.0,476.0,5090.0,4446.0,986.0,770.0,923.0,11258249.579433205,11263339.722202504,3137.0,3015.0,3137.0,170.0,100.0,1757.0,1768.0,1846.0,,,,,,514.0,0.1,38.25,6.0,4.39,Safe
ACMESOLAR,17585.0,53.7,81.7,9.27,6.89,83.29,102.78616607253551,,340.0,189.0,3911.0,1352.0,297.0,269.0,296.0,606060606.060606,605769230.7692307,12942.0,8691.0,12942.0,4260.0,2269.0,4831.0,4952.0,4558.0,,,,,,530.0,0.86,73.55,5.0,1.77,Grey
AIAENG,37272.0,28.7,758.0,18.8,15.3,58.5,-3.5174090991309748,(10.605361975744643+0j),1297.0,1022.0,3633.0,3486.0,1060.0,968.0,951.0,93316065.90402186,93367440.16078934,8468.0,7513.0,8468.0,1022.0,491.0,7060.0,7079.0,6707.0,,,,,,857.0,0.14,36.13,5.0,4.35,Safe
APLAPOLLO,52214.0,95.4,125.0,21.5,16.7,28.25,1.9034506340865454,(2.1907319473922104+0j),547.0,336.0,15110.0,14361.0,887.0,541.0,766.0,277664974.61928934,277915632.75434244,6036.0,5442.0,6036.0,640.0,669.0,3426.0,3482.0,3087.0,,,,,,1199.0,0.18,59.59,7.0,3.31,Safe
AWL,25362.0,25.4,79.6,17.8,10.2,56.94,9.375466144806467,(17.366284719603332+0j),982.0,1216.0,72308.0,61677.0,1984.0,2423.0,1586.0,1300662251.6556292,1300534759.3582888,23490.0,21498.0,23490.0,976.0,1885.0,10211.0,10340.0,9368.0,,,,,,3858.0,0.09,13.28,5.0,2.33,Grey
AADHARHFC,20716.0,18.7,173.0,11.4,15.9,64.9,,(22.131791880658124+0j),1095.0,912.0,,,,,,435560859.18854415,431409649.9526963,27390.0,23216.0,27390.0,,,7099.0,7535.0,6368.0,,,,,,-2810.0,0.0,,,,
ACE,10502.0,24.7,0.0,73.0,53.3,65.42,14.905921926755749,(38.175463040421455+0j),425.0,404.0,3274.0,3320.0,501.0,500.0,467.0,118980963.04591265,119209206.2555326,0.0,2687.0,0.0,0.0,15.0,0.0,,1597.0,,,,,,412.0,,20.96,7.0,3138.24,Safe
ACUTAAS,24162.0,66.0,204.0,32.8,24.6,32.66,28.983534522156383,(57.58597240303893+0j),366.0,160.0,1324.0,990.0,483.0,225.0,450.0,81824279.00737761,82135523.61396304,1935.0,1538.0,1935.0,32.0,11.0,1627.0,1668.0,1312.0,,,,,,305.0,0.02,50.09,6.0,5.21,Safe
ABSLAMC,29248.0,29.6,139.0,32.7,25.6,74.82,11.328358899710045,(18.482163887205537+0j),986.0,925.0,1831.0,1955.0,1115.0,1279.0,1070.0,288895399.9414005,288611544.4617785,4381.0,4084.0,4381.0,61.0,67.0,3872.0,4016.0,3704.0,,,,,,807.0,0.02,26.29,,,
CPPLUS,28473.0,123.0,117.0,20.6,21.8,74.75,17.723518324538134,(-65.62858697751417+0j),232.0,135.0,3728.0,3066.0,363.0,238.0,330.0,114681166.58428077,109577922.07792208,2322.0,2472.0,2322.0,103.0,504.0,1360.0,1372.0,809.0,,,,,,33.0,0.08,78.72,6.0,3.48,Safe
ABDL,15001.0,55.5,62.4,20.0,16.3,80.91,7.2288531033995795,(263.29788579539553+0j),268.0,200.0,3880.0,3520.0,575.0,432.0,506.0,279457768.5088634,279720279.7202797,4162.0,3551.0,4162.0,1131.0,901.0,1688.0,1744.0,1574.0,,,,,,453.0,0.65,28.06,6.0,2.58,Grey
ANANDRATHI,29684.0,75.8,123.0,57.5,45.3,43.11,30.946798898111673,(32.71660583695144+0j),391.0,295.0,1208.0,943.0,572.0,429.0,543.0,82926829.26829268,82911748.17313097,1332.0,969.0,1332.0,83.0,79.0,984.0,1026.0,703.0,,,,,,254.0,0.08,52.04,,,
ANGELONE,30949.0,30.2,68.1,15.6,17.3,28.8,19.210965685490322,(2.039484597657837+0j),1023.0,1216.0,5057.0,5175.0,1913.0,2019.0,1796.0,910952804.9866428,902746844.840386,23915.0,16823.0,23915.0,7938.0,3409.0,6111.0,6202.0,5598.0,,,,,,-4054.0,1.28,20.33,,,
ANTHEM,43766.0,63.6,56.7,32.1,24.3,74.67,25.493476593164832,(20.87946901483+0j),671.0,506.0,2089.0,1841.0,851.0,690.0,751.0,561976549.4137354,559116022.0994475,3531.0,2836.0,3531.0,50.0,113.0,3072.0,3184.0,2473.0,,,,,,889.0,0.02,51.49,6.0,5.21,Safe
APARINDS,51343.0,52.3,1153.0,33.3,19.8,57.77,15.972750342296349,(15.061203630742481+0j),964.0,794.0,20516.0,17552.0,1771.0,1511.0,1629.0,40185084.83054733,40184219.84918265,10733.0,10771.0,10733.0,659.0,540.0,4589.0,4629.0,4292.0,,,,,,1238.0,0.14,29.36,6.0,2.87,Safe
ASAHIINDIA,21823.0,72.6,149.0,12.0,13.2,51.58,4.794526865807969,(-7.770342263582086+0j),295.0,389.0,4509.0,4312.0,786.0,730.0,549.0,248525695.02948612,242973141.78638348,7902.0,6825.0,7902.0,2796.0,2631.0,3770.0,3795.0,2747.0,,,,,,664.0,0.74,31.32,5.0,2.53,Grey
ASHOKLEY,92930.0,25.3,19.6,36.5,31.4,51.51,4.9261708150271755,(35.14086998855539+0j),3407.0,3303.0,41753.0,38753.0,5458.0,4931.0,4747.0,5874137931.034483,5877224199.288256,23367.0,25526.0,23367.0,1344.0,1482.0,10942.0,11529.0,11519.0,,,,,,7819.0,0.12,17.27,8.0,3.41,Safe
ASIANPAINT,253209.0,63.0,199.0,27.3,20.7,52.63,-0.03991219741449337,(-2.724634218300137+0j),3775.0,3585.0,30042.0,29553.0,5830.0,5552.0,4743.0,959339263.0241423,959325662.2959594,26661.0,26653.0,26661.0,1572.0,1199.0,18954.0,19050.0,18984.0,,,,,,4166.0,0.08,43.7,6.0,4.26,Safe
ASTRAL,41418.0,66.3,153.0,22.6,16.2,54.22,8.605144059546221,(10.905126155089784+0j),611.0,566.0,5908.0,5296.0,1061.0,937.0,835.0,268689533.86103785,268500948.7666034,5584.0,4754.0,5584.0,100.0,113.0,4080.0,4107.0,3596.0,,,,,,1084.0,0.02,39.13,5.0,4.16,Safe
ATUL,20711.0,34.8,2057.0,13.2,10.3,45.22,3.202050630522413,(2.609320967742579+0j),595.0,456.0,5564.0,5075.0,781.0,714.0,565.0,29439414.18039681,29423151.374370888,7297.0,6551.0,7297.0,6.0,8.0,6026.0,6055.0,5538.0,,,,,,716.0,0.0,26.53,5.0,4.08,Safe
AIIL,43374.0,11.9,191.0,30.8,34.1,68.81,,(147.41265536800614+0j),3640.0,4248.0,,,,,,849276714.8856744,849260295.8816472,19523.0,15810.0,19523.0,,,16182.0,16199.0,14620.0,,,,,,1689.0,0.0,,,,
BSE,170813.0,73.6,142.0,64.6,48.8,,84.73694723036871,(140.6926686827202+0j),2334.0,1112.0,4470.0,2883.0,2840.0,1626.0,2705.0,407258768.1032978,405987586.71047825,7522.0,4964.0,7522.0,0.0,0.0,5685.0,5767.0,3748.0,,,,,,2652.0,0.0,60.15,,,
BAJAJ-AUTO,294856.0,30.0,1251.0,38.6,29.3,55.01,17.259081339946604,(20.904253231026626+0j),9825.0,8151.0,58732.0,50010.0,12017.0,10096.0,11569.0,279508406.5887173,279239465.57040083,45886.0,42429.0,45886.0,73.0,928.0,34695.0,34975.0,32147.0,,,,,,8961.0,0.0,24.54,6.0,4.96,Safe
BAJAJFINSV,282657.0,197.0,63.6,19.2,15.4,58.72,20.681964169615497,(24.840375958234052+0j),1432.0,1559.0,2016.0,2299.0,1726.0,2054.0,1720.0,1600000000.0000002,1597336065.5737705,10350.0,8525.0,10350.0,0.0,0.0,10022.0,10182.0,8372.0,,,,,,1610.0,0.0,163.76,,,
BAJAJHLDNG,116665.0,41.1,2454.0,12.8,12.2,51.46,17.379585495313354,(40.111627937823904+0j),4708.0,1292.0,3131.0,1573.0,2973.0,1419.0,2941.0,111297605.25755893,111312139.22632894,28243.0,19863.0,28243.0,10.0,31.0,27196.0,27307.0,19372.0,,,,,,4673.0,0.0,39.24,,,
BATAINDIA,8845.0,46.8,118.0,15.2,15.6,50.16,0.23121469593032629,(-18.140931944250728+0j),175.0,328.0,3476.0,3488.0,731.0,753.0,312.0,128487518.35535978,128375733.85518591,3682.0,3814.0,3682.0,1378.0,1446.0,1451.0,1515.0,1566.0,,,,,,738.0,0.91,13.98,5.0,2.29,Grey
BAYERCROP,19696.0,29.4,695.0,24.8,20.0,71.44,3.026786841344453,(-4.020115840689775+0j),670.0,568.0,5621.0,5473.0,842.0,691.0,751.0,44915197.42575585,44943820.2247191,5191.0,5246.0,5191.0,102.0,105.0,3079.0,3124.0,2851.0,,,,,,262.0,0.03,23.51,7.0,3.54,Safe
BELRISE,19253.0,42.1,54.2,13.3,13.8,66.46,10.200081621587564,,452.0,332.0,7220.0,6594.0,1026.0,915.0,686.0,817359855.3345388,649706457.9256359,7358.0,6518.0,7358.0,1151.0,2706.0,4382.0,4827.0,2578.0,,,,,,654.0,0.24,19.89,6.0,3.26,Safe
BDL,48111.0,83.0,115.0,19.7,14.4,74.93,14.52760781186444,(18.075836366563003+0j),580.0,550.0,3739.0,3345.0,467.0,473.0,391.0,366624525.9165613,366911274.1827885,13068.0,11814.0,13068.0,1.0,7.0,4034.0,4217.0,4009.0,,,,,,167.0,0.0,103.02,5.0,1.55,Grey
BEL,304489.0,50.3,32.4,37.1,27.9,51.14,15.910688229898607,(26.247047216429962+0j),6048.0,5288.0,27480.0,23658.0,8015.0,6770.0,7491.0,7313180169.286578,7313969571.230982,44090.0,40418.0,44090.0,65.0,61.0,22967.0,23698.0,19698.0,,,,,,1494.0,0.0,38.0,7.0,3.4,Safe
BPCL,128246.0,4.86,220.0,32.1,29.9,52.98,-1.288137770485398,(131.8422737470863+0j),23303.0,13275.0,455076.0,440132.0,41178.0,25473.0,33334.0,4338670638.614783,4338235294.117647,207126.0,187995.0,207126.0,21422.0,33317.0,90960.0,95233.0,80961.0,,,,,,47703.0,0.22,3.63,6.0,3.0,Safe
BHARTIARTL,1140295.0,70.8,263.0,12.7,10.7,48.87,12.768664280742437,,13744.0,23502.0,121493.0,108944.0,70264.0,52593.0,35693.0,6092198581.560284,5701601164.483261,399986.0,392479.0,399986.0,144138.0,161457.0,157488.0,160535.0,140131.0,,,,,,74931.0,0.9,18.28,6.0,2.3,Grey
BHARTIHEXA,77110.0,43.8,143.0,21.8,26.9,70.0,12.446470023062716,(16.412469046381627+0j),1733.0,1494.0,9354.0,8548.0,4890.0,4197.0,2677.0,500000000.00000006,500167392.03213924,19051.0,19251.0,19051.0,6137.0,7353.0,6915.0,7165.0,5932.0,,,,,,4464.0,0.86,17.02,8.0,2.52,Grey
BIKAJI,16378.0,59.3,66.8,22.0,17.8,73.88,13.161022273958078,(24.576343521467958+0j),269.0,212.0,2817.0,2537.0,415.0,338.0,342.0,250698974.83690587,250000000.0,2050.0,1756.0,2050.0,217.0,171.0,1649.0,1674.0,1430.0,,,,,,294.0,0.13,39.99,5.0,4.6,Safe
BOSCHLTD,106369.0,45.3,5034.0,21.5,16.4,70.54,10.302716840206605,(24.820864616987137+0j),2770.0,2013.0,20035.0,18087.0,2650.0,2310.0,2258.0,29490359.73980347,29489320.55902259,21681.0,20245.0,21681.0,119.0,118.0,14817.0,14847.0,13818.0,,,,,,2175.0,0.01,40.18,6.0,3.65,Safe
BRITANNIA,128419.0,50.1,193.0,61.4,60.1,50.55,5.704204438835969,(6.1880327599560525+0j),2562.0,2131.0,18446.0,17296.0,3391.0,3064.0,3086.0,240902679.83074754,240899841.73637804,8940.0,8020.0,8940.0,1348.0,1218.0,4617.0,4641.0,3886.0,,,,,,2547.0,0.29,38.27,5.0,4.55,Safe
CCL,14219.0,49.5,103.0,20.6,22.4,46.11,17.788625925590452,(17.73574422211901+0j),287.0,92.0,2216.0,1718.0,300.0,234.0,244.0,133426313.34263133,133140376.26628076,2568.0,2365.0,2568.0,625.0,859.0,1350.0,1377.0,1189.0,,,,,,324.0,0.45,49.48,6.0,2.92,Safe
CIEINDIA,17115.0,27.1,150.0,14.5,11.2,65.7,3.4874652752593382,(3.9781927035686726+0j),632.0,617.0,5065.0,4896.0,797.0,764.0,644.0,379351740.6962785,379458794.5879458,6973.0,6566.0,6973.0,23.0,33.0,5308.0,5687.0,5332.0,,,,,,646.0,0.0,21.5,6.0,3.96,Safe
CGCL,18343.0,22.2,70.0,11.7,15.4,59.92,,(70.79852860334816+0j),825.0,415.0,,,,,,962660443.4072345,825049701.7892643,26510.0,16400.0,26510.0,,,6640.0,6736.0,3965.0,,,,,,-7081.0,0.0,,,,
CASTROLIND,18010.0,18.5,19.2,60.3,45.9,51.0,4.821287471380242,(3.4993084871816516+0j),959.0,950.0,5845.0,5722.0,1369.0,1348.0,1265.0,989680082.5593395,989583333.3333334,3395.0,3635.0,3395.0,63.0,82.0,1406.0,1901.0,2279.0,,,,,,1090.0,0.03,13.2,6.0,4.44,Safe
CEMPRO,14822.0,25.0,139.0,33.7,28.1,67.46,28.773495711732046,(68.45289490391984+0j),594.0,373.0,9983.0,8974.0,1017.0,865.0,851.0,171875000.0,171889400.921659,6969.0,6454.0,6969.0,905.0,961.0,2378.0,2395.0,1833.0,,,,,,490.0,0.38,15.46,7.0,2.29,Grey
CDSL,25166.0,53.8,76.5,40.3,31.3,15.0,28.636701997036027,(19.824514506340996+0j),468.0,462.0,960.0,848.0,522.0,498.0,468.0,208928571.42857143,208955223.88059703,1976.0,1718.0,1976.0,2.0,2.0,1389.0,1598.0,1391.0,,,,,,431.0,0.0,48.21,,,
CHALET,17411.0,26.1,171.0,17.8,19.5,67.29,31.585491773534315,(49.1296843478882+0j),665.0,172.0,2570.0,1627.0,1115.0,710.0,933.0,218894009.21658987,219108280.25477707,7051.0,6847.0,7051.0,2105.0,2337.0,3535.0,3754.0,3082.0,,,,,,,0.56,17.5,5.0,3.08,Safe
COFORGE,59645.0,39.2,252.0,21.7,21.5,0.0,31.286712719603905,(20.04106956155436+0j),1393.0,528.0,9572.0,5557.0,1009.0,382.0,698.0,335824493.73191905,334812935.9543437,11579.0,7376.0,11579.0,244.0,574.0,8386.0,8453.0,5735.0,,,,,,791.0,0.03,59.35,6.0,3.53,Safe
COLPAL,58665.0,43.7,58.2,108.0,82.7,51.0,4.914606565828716,(8.17126136327837+0j),1325.0,1437.0,6035.0,6040.0,1870.0,1958.0,1724.0,271906423.14795816,272004542.8733674,3408.0,3019.0,3408.0,47.0,61.0,1557.0,1584.0,1664.0,,,,,,1806.0,0.03,31.4,5.0,5.38,Safe
CAMS,18777.0,43.0,48.7,49.8,39.0,0.0,14.975770217255757,(16.291748370307445+0j),437.0,441.0,1412.0,1334.0,634.0,617.0,547.0,247872943.84571755,247058823.52941173,1546.0,1457.0,1546.0,54.0,73.0,1159.0,1209.0,1035.0,,,,,,578.0,0.04,29.7,,,
CROMPTON,18979.0,54.2,49.4,19.0,10.3,0.0,7.383171867918459,(-60.17399551399779+68.98066323222183j),-243.0,563.0,7193.0,7028.0,746.0,819.0,644.0,642857142.8571429,643428571.4285715,5642.0,5940.0,5642.0,192.0,466.0,3049.0,3178.0,3604.0,,,,,,637.0,0.06,25.7,5.0,3.12,Safe
CYIENT,10021.0,31.3,323.0,16.8,8.7,23.28,1.9802749120369834,(-24.31918430276536+0j),155.0,1125.0,2363.0,2414.0,572.0,570.0,491.0,111430625.44931704,111078199.0521327,4263.0,4281.0,4263.0,45.0,92.0,3534.0,3590.0,3767.0,,,,,,1012.0,0.01,17.6,5.0,4.36,Safe
DLF,145227.0,40.7,128.0,13.7,11.7,74.08,0.04186903855480928,(17.469828032873423+0j),3748.0,1580.0,3984.0,4482.0,1731.0,1268.0,1661.0,2475561426.68428,2476489028.213166,49772.0,43718.0,49772.0,46.0,3252.0,31093.0,31588.0,29407.0,,,,,,6073.0,0.0,83.92,7.0,2.93,Safe
DOMS,13375.0,60.9,193.0,25.2,20.6,70.38,23.739645294921917,(-75.22314600703805+0j),220.0,190.0,2050.0,1709.0,351.0,301.0,283.0,60823887.19933646,60722275.48737616,1488.0,1312.0,1488.0,87.0,159.0,1110.0,1171.0,965.0,,,,,,226.0,0.07,38.35,6.0,4.54,Safe
DATAPATTNS,22224.0,81.2,310.0,23.3,16.9,42.41,26.866758493294228,(29.827420918648563+0j),271.0,222.0,925.0,708.0,374.0,275.0,351.0,55910872.704765834,56032306.91569915,1929.0,1839.0,1929.0,5.0,6.0,1725.0,1736.0,1508.0,,,,,,80.0,0.0,59.44,7.0,5.08,Safe
EIHOTEL,19937.0,28.6,68.6,21.9,17.5,32.85,12.945537879798641,(27.89095683549938+0j),670.0,751.0,2556.0,2400.0,906.0,878.0,780.0,625583566.7600373,625312239.8001665,5085.0,5074.0,5085.0,153.0,156.0,4165.0,4290.0,4245.0,,,,,,732.0,0.04,22.17,5.0,4.59,Safe
ENGINERSIN,12140.0,19.0,54.1,29.3,22.6,51.32,5.4433496152828775,(23.09876038777454+0j),639.0,465.0,3850.0,3028.0,668.0,491.0,626.0,562500000.0,561594202.8985507,5732.0,5185.0,5732.0,17.0,22.0,2762.0,3043.0,2620.0,,,,,,304.0,0.01,18.2,6.0,2.86,Safe
EXIDEIND,28879.0,25.8,173.0,10.3,7.68,45.99,5.775265192940338,(7.130740714491313+0j),1111.0,1077.0,17269.0,16588.0,1943.0,1894.0,1442.0,850038255.5470543,850039463.2991319,19257.0,18819.0,19257.0,375.0,386.0,14589.0,14674.0,14442.0,,,,,,2231.0,0.03,15.06,7.0,3.77,Safe
FINCABLES,15771.0,25.7,314.0,16.2,12.4,35.86,10.004850385807273,(6.934595585850878+0j),614.0,544.0,5965.0,5319.0,593.0,516.0,538.0,153040877.36789632,152808988.76404494,5441.0,5071.0,5441.0,22.0,20.0,4776.0,4807.0,4600.0,,,,,,207.0,0.0,26.63,5.0,4.45,Safe
FSL,18991.0,37.3,32.5,21.2,20.9,53.66,27.96034514549919,(19.953424067400704+0j),432.0,427.0,2883.0,2307.0,867.0,607.0,662.0,707037643.2078559,706953642.3841059,4292.0,3800.0,4292.0,953.0,813.0,1598.0,2295.0,2576.0,,,,,,633.0,0.42,23.0,5.0,2.81,Safe
FIVESTAR,13153.0,12.0,250.0,14.8,16.1,18.61,,(21.580919424228885+0j),1099.0,1072.0,,,,,,295271359.4841483,294262970.07960474,15790.0,14421.0,15790.0,,,7351.0,7381.0,6304.0,,,,,,-264.0,0.0,,,,
FORCEMOT,26192.0,24.8,3236.0,35.4,28.7,61.63,21.665537014111113,(99.71580085157372+0j),1211.0,800.0,9057.0,8071.0,1483.0,1098.0,1197.0,13173496.36124316,13176749.625286182,6605.0,5202.0,6605.0,0.0,17.0,4251.0,4264.0,3103.0,,,,,,1297.0,0.0,17.66,7.0,3.99,Safe
GVT&D,124171.0,97.1,105.0,76.4,57.3,51.0,30.803882214148114,,1233.0,608.0,6206.0,4292.0,1684.0,831.0,1638.0,255968445.09030515,255892255.89225587,7739.0,4661.0,7739.0,24.0,35.0,2639.0,2690.0,1773.0,,,,,,1710.0,0.01,73.75,6.0,2.9,Safe
GALLANTT,16648.0,34.4,137.0,18.2,15.7,70.0,2.8899598977869756,(50.907737676907146+0j),484.0,401.0,4419.0,4293.0,716.0,694.0,586.0,241155954.16043845,241420830.82480434,4270.0,3548.0,4270.0,548.0,378.0,3075.0,3316.0,2842.0,,,,,,602.0,0.17,24.02,6.0,4.09,Safe
GICRE,66922.0,7.91,372.0,16.0,12.2,82.4,4.0066815074371265,(10.260180974964172+0j),8461.0,6701.0,52206.0,48903.0,9985.0,8449.0,9985.0,1754302301.472113,1754188481.6753926,198613.0,187616.0,198613.0,0.0,0.0,61698.0,62575.0,57622.0,,,,,,-770.0,0.0,6.7,,,
GILLETTE,25366.0,40.9,357.0,56.1,41.6,75.0,7.474732085525337,(20.38238416824818+0j),620.0,418.0,3075.0,2235.0,892.0,600.0,808.0,32559605.083499633,32612935.944448784,2149.0,1918.0,2149.0,0.0,0.0,1130.0,1163.0,1024.0,,,,,,328.0,0.0,28.44,6.0,4.81,Safe
GODIGIT,28615.0,52.6,50.4,13.1,12.1,73.01,19.350307403555544,(143.09562674693925+0j),544.0,425.0,10005.0,9371.0,159.0,121.0,159.0,923599320.8828523,923913043.478261,24952.0,21461.0,24952.0,350.0,350.0,3738.0,4662.0,4314.0,,,,,,2026.0,0.08,182.17,,,
GODFRYPHLP,36114.0,24.0,344.0,38.0,30.8,72.58,21.52369425839995,(35.320659203224956+0j),1507.0,1043.0,6389.0,5602.0,1585.0,1160.0,1468.0,155939569.53642383,155974278.4507253,7345.0,6015.0,7345.0,232.0,177.0,5331.0,5362.0,4409.0,,,,,,512.0,0.04,22.93,5.0,4.48,Safe
GODREJCP,105138.0,67.5,76.7,20.9,19.2,53.06,7.308956668286282,(0.0225174517856086+0j),1516.0,1351.0,9474.0,8910.0,2236.0,2100.0,2076.0,1023632680.6212019,1023484848.4848485,13365.0,13362.0,13365.0,2948.0,2646.0,7742.0,7844.0,8365.0,,,,,,1791.0,0.38,48.34,6.0,3.55,Safe
HBLENGINE,21473.0,26.2,78.4,59.4,45.2,59.11,34.05167845742114,(102.71655769857335+0j),797.0,268.0,3252.0,1946.0,1102.0,391.0,1054.0,277313848.29505914,277720207.253886,2878.0,1937.0,2878.0,55.0,63.0,2145.0,2173.0,1459.0,,,,,,713.0,0.03,19.54,7.0,5.68,Safe
HCLTECH,315871.0,25.3,95.4,53.9,41.0,60.86,5.945829129642144,(-12.686796756526409+0j),7627.0,12266.0,55031.0,51105.0,17059.0,17716.0,14743.0,2713269299.181786,2713716814.1592917,46974.0,52503.0,46974.0,988.0,1041.0,25355.0,25898.0,34940.0,,,,,,12129.0,0.04,18.57,5.0,4.45,Safe
HDFCAMC,117345.0,41.0,215.0,42.9,32.9,52.37,18.45775471720319,(26.010985868683424+0j),2859.0,2461.0,4119.0,4050.0,3297.0,3346.0,3224.0,428314606.74157304,427628149.4352737,9988.0,8754.0,9988.0,0.0,0.0,9017.0,9231.0,8134.0,,,,,,2530.0,0.0,35.59,,,
HDFCLIFE,133051.0,69.7,82.0,10.3,11.3,50.21,12.192760652961375,(11.81837765387488+0j),1910.0,1802.0,98968.0,96687.0,1253.0,1087.0,1253.0,2158192090.39548,2152927120.6690564,390019.0,349133.0,390019.0,3099.0,2950.0,15538.0,17696.0,16126.0,,,,,,22502.0,0.18,108.66,,,
HEXT,31409.0,32.9,53.3,33.5,26.6,74.3,15.078004185692073,(-14.806001164743476+0j),913.0,780.0,7597.0,7389.0,1328.0,1345.0,1174.0,609886439.5457581,611285266.4576802,5547.0,5397.0,5547.0,435.0,404.0,3198.0,3259.0,3152.0,,,,,,1068.0,0.13,23.98,6.0,3.92,Safe
HINDALCO,249262.0,24.7,341.0,17.1,13.7,34.65,13.549440743844766,(44.72132096316177+0j),10080.0,6387.0,112553.0,93309.0,16273.0,11161.0,13966.0,2246990637.53901,2247361013.3708653,132340.0,108927.0,132340.0,17564.0,11903.0,76517.0,76739.0,70206.0,,,,,,8134.0,0.23,16.4,5.0,3.2,Safe
HAL,292148.0,32.2,611.0,32.0,24.0,71.64,7.110214617226429,(16.023870998114063+0j),9076.0,8317.0,33090.0,30981.0,9768.0,9610.0,8414.0,668779014.0741286,668784174.9758765,132224.0,108545.0,132224.0,10.0,51.0,40528.0,40862.0,34842.0,,,,,,10920.0,0.0,29.91,5.0,1.75,Grey
HINDCOPPER,52775.0,53.3,34.6,42.4,32.9,66.14,22.436766333255886,(46.143342603894475+0j),921.0,469.0,3078.0,2071.0,1462.0,738.0,1262.0,967436974.789916,967010309.2783506,4421.0,3711.0,4421.0,111.0,167.0,2864.0,3348.0,2665.0,,,,,,1474.0,0.03,36.17,7.0,4.83,Safe
HINDPETRO,82911.0,4.83,281.0,23.1,32.5,54.9,0.07903174692360793,,17175.0,7365.0,441448.0,433728.0,30491.0,16606.0,23366.0,2127725470.7631319,2127997688.529327,193870.0,186221.0,193870.0,52659.0,67448.0,57719.0,59847.0,45958.0,,,,,,36107.0,0.88,4.45,7.0,2.1,Grey
HINDUNILVR,517756.0,47.7,210.0,28.1,22.1,61.9,1.570739424724521,(15.694223058142498+0j),15427.0,10644.0,61975.0,61469.0,14464.0,14289.0,13278.0,2349527870.8498325,2349668874.1721854,77982.0,78313.0,77982.0,1325.0,1537.0,48988.0,49223.0,49153.0,,,,,,10496.0,0.03,35.89,7.0,3.85,Safe
HINDZINC,267146.0,19.5,53.2,69.3,76.6,60.71,6.040646872752831,(9.229124163777902+0j),13712.0,10279.0,40658.0,33969.0,21913.0,17339.0,18124.0,4225577812.01849,4224825318.536786,42173.0,34418.0,42173.0,8726.0,10964.0,21630.0,22475.0,13290.0,,,,,,16857.0,0.39,12.59,6.0,5.12,Safe
POWERINDIA,158477.0,180.0,1028.0,19.4,13.8,71.31,17.64695023221914,(104.21990267531997+0j),841.0,384.0,7277.0,6385.0,1037.0,605.0,936.0,44558652.11401928,44573418.45618108,9762.0,8613.0,9762.0,84.0,88.0,4574.0,4583.0,4214.0,,,,,,1494.0,0.02,152.9,8.0,2.66,Safe
HOMEFIRST,11108.0,20.6,418.0,11.1,15.7,6.98,,(25.927310889610887+0j),540.0,382.0,,,,,,104247104.24710426,90030638.6990337,15167.0,12212.0,15167.0,,,4336.0,4357.0,2521.0,,,,,,-1940.0,0.0,,,,
HONASA,12506.0,64.3,42.9,18.5,15.0,35.54,18.222164744303846,,191.0,64.0,2305.0,1866.0,214.0,54.0,180.0,325383304.9403748,324873096.4467005,2007.0,1761.0,2007.0,109.0,110.0,1071.0,1396.0,1200.0,,,,,,119.0,0.08,58.95,6.0,3.07,Safe
HONAUT,31298.0,58.6,5047.0,16.8,12.6,75.0,10.735800820554896,(6.225442262313252+0j),525.0,524.0,4682.0,4190.0,606.0,590.0,552.0,8841509.624614764,8848212.627277486,6229.0,5605.0,6229.0,110.0,101.0,4454.0,4463.0,4038.0,,,,,,493.0,0.02,51.83,5.0,3.68,Safe
ICICIGI,91077.0,32.9,334.0,23.5,17.8,51.28,14.72699872337586,(16.456112892877893+0j),2772.0,2508.0,26994.0,23961.0,3565.0,3407.0,3565.0,498471497.9320266,495652173.91304344,76111.0,69020.0,76111.0,0.0,0.0,16135.0,16633.0,14485.0,,,,,,2622.0,0.0,25.55,,,
ICICIAMC,159636.0,48.4,84.4,115.0,85.8,87.59,26.662092549992565,(-57.32634052644625+0j),3298.0,2651.0,5765.0,4977.0,4294.0,3635.0,4188.0,494230481.0430091,17654384.294190902,5050.0,4327.0,5050.0,0.0,0.0,4122.0,4171.0,3517.0,,,,,,3282.0,0.0,37.18,,,
IIFL,19680.0,17.1,178.0,12.2,16.4,24.84,,(12.47489497197023+0j),1154.0,-410.0,,,,,,425516224.18879056,424870466.3212435,49634.0,32115.0,49634.0,,,7476.0,7561.0,6507.0,,,,,,-13221.0,0.0,,,,
ITCHOTELS,32138.0,37.0,57.1,10.1,7.56,39.85,,,829.0,698.0,3583.0,3279.0,1290.0,1228.0,996.0,2082914572.8643217,2077380952.3809524,13392.0,12522.0,13392.0,128.0,127.0,11684.0,11892.0,11048.0,,,,,,1058.0,0.01,25.01,6.0,4.28,Safe
IEX,11331.0,23.9,14.6,51.8,39.4,,14.882286009300483,(17.419499749357612+0j),474.0,415.0,608.0,535.0,514.0,455.0,491.0,892655367.2316384,892473118.2795699,2377.0,2157.0,2377.0,11.0,6.0,1218.0,1307.0,1098.0,,,,,,425.0,0.01,22.07,,,
INDHOTEL,92559.0,55.0,89.7,17.2,14.0,38.12,13.249710165859675,(33.49097516061477+0j),2012.0,1413.0,5380.0,4917.0,2283.0,2032.0,2005.0,1423920736.0226467,1422960725.0755289,15616.0,13909.0,15616.0,1182.0,1166.0,12625.0,12767.0,11256.0,,,,,,1714.0,0.09,41.06,5.0,4.36,Safe
IOC,196949.0,5.35,145.0,17.5,19.2,51.5,-2.2464689047952513,(64.63437580507643+0j),36802.0,12962.0,784158.0,755950.0,68730.0,33141.0,51765.0,14122026093.630085,14119825708.061003,491535.0,480311.0,491535.0,122603.0,144368.0,190773.0,204545.0,178677.0,,,,,,71399.0,0.6,4.65,7.0,2.41,Grey
IGL,21771.0,16.0,71.3,18.8,14.2,45.0,4.583946607059697,(-1.9096193500097947+0j),1364.0,1468.0,16167.0,14928.0,1850.0,1995.0,1335.0,1400410677.61807,1400763358.778626,15433.0,14197.0,15433.0,55.0,69.0,9707.0,9987.0,9284.0,,,,,,1947.0,0.01,11.8,5.0,3.31,Safe
INFY,476337.0,15.9,199.0,45.6,35.7,14.38,6.266380568219065,(8.694939443056771+0j),29211.0,25568.0,148819.0,136592.0,36013.0,33499.0,33619.0,4055393586.005831,4153346328.784925,125701.0,124439.0,125701.0,3749.0,3459.0,78847.0,80874.0,87332.0,,,,,,28164.0,0.05,13.33,5.0,4.52,Safe
IKS,27224.0,48.0,104.0,44.0,37.6,63.72,25.240643149076746,(30.554224572595047+0j),567.0,332.0,1491.0,973.0,735.0,427.0,698.0,171818181.8181818,171576227.39018086,2164.0,1405.0,2164.0,110.0,77.0,1771.0,1788.0,1227.0,,,,,,550.0,0.06,37.19,5.0,5.7,Safe
JKCEMENT,42942.0,40.3,901.0,15.6,16.4,45.66,11.613687836726516,(27.146651896349148+0j),1033.0,870.0,12945.0,11093.0,2318.0,1984.0,1762.0,77245195.54325882,77264653.64120781,17958.0,16339.0,17958.0,6081.0,5912.0,6883.0,6960.0,6065.0,,,,,,1839.0,0.87,21.15,8.0,2.32,Grey
JKTYRE,10598.0,15.2,154.0,12.1,9.71,51.72,10.01844830577916,(46.882328344055566+0j),657.0,385.0,12808.0,10176.0,1609.0,1007.0,1270.0,277918781.7258883,273826458.0369843,10098.0,9978.0,10098.0,2627.0,2748.0,4392.0,4447.0,4193.0,,,,,,403.0,0.59,8.22,6.0,2.73,Safe
JMFINANCIL,12336.0,15.4,48.0,12.8,12.6,57.07,19.500743776243667,(46.10661987082687+0j),802.0,539.0,942.0,1035.0,577.0,570.0,565.0,955899880.8104886,955673758.8652483,4893.0,4878.0,4893.0,46.0,53.0,4491.0,4587.0,4462.0,,,,,,162.0,0.01,21.46,,,
JSWDULUX,13193.0,6.88,495.0,166.0,144.0,61.2,-1.8124150694969754,(78.87177609490928+0j),1918.0,429.0,3599.0,4091.0,508.0,642.0,433.0,45547375.920208976,45584953.77749442,3640.0,2902.0,3640.0,71.0,62.0,2208.0,2254.0,1329.0,,,,,,84.0,0.03,26.11,5.0,3.43,Safe
JSWSTEEL,314363.0,45.9,350.0,10.4,8.27,45.31,0.29276757636953477,(9.308959246388238+0j),6522.0,5837.0,132847.0,127702.0,20191.0,18519.0,14071.0,2445444319.4600673,2445328864.6837034,203211.0,192261.0,203211.0,70809.0,68370.0,85355.0,85660.0,79839.0,,,,,,15143.0,0.83,19.08,6.0,2.28,Grey
JSL,60731.0,22.3,229.0,18.0,15.5,62.04,6.805780443345988,(12.125295724989238+0j),2843.0,2711.0,42680.0,40182.0,4322.0,3738.0,3529.0,824535962.8770303,823761774.5366151,34967.0,33010.0,34967.0,4599.0,4444.0,18702.0,18867.0,16197.0,,,,,,3442.0,0.24,15.12,6.0,2.99,Safe
JUBLFOOD,28812.0,107.0,36.4,11.8,11.6,40.27,10.39442197708247,(-13.955807955064492+0j),227.0,194.0,6856.0,6105.0,1373.0,1195.0,609.0,659883720.9302325,659863945.5782313,6923.0,6282.0,6923.0,3308.0,2977.0,2270.0,2402.0,2271.0,,,,,,1417.0,1.38,23.39,6.0,2.02,Grey
JUBLINGREA,11592.0,44.2,158.0,12.8,11.2,45.22,-4.138181562626819,(-0.12586545711841257+0j),253.0,263.0,4017.0,3941.0,462.0,475.0,307.0,159621451.10410094,159008464.32889965,4598.0,4521.0,4598.0,824.0,825.0,2494.0,2510.0,2441.0,,,,,,441.0,0.33,26.87,5.0,2.79,Safe
JYOTICNC,15192.0,40.2,97.3,21.5,16.6,62.55,31.41112938732835,(11.654328552266646+0j),378.0,310.0,1879.0,1615.0,549.0,458.0,509.0,227436823.1046931,227439471.75348493,3078.0,2825.0,3078.0,397.0,198.0,2167.0,2212.0,2065.0,,,,,,-17.0,0.18,28.4,5.0,4.16,Safe
KEI,50291.0,54.8,697.0,20.1,14.8,35.0,19.340193073065848,(21.981873379610704+0j),918.0,696.0,11748.0,9736.0,1229.0,991.0,1138.0,95555324.24273968,95499451.15257959,8956.0,7235.0,8956.0,253.0,217.0,6646.0,6665.0,5786.0,,,,,,840.0,0.04,41.13,5.0,4.05,Safe
KPITTECH,20590.0,34.9,82.8,33.2,27.9,39.41,19.821879784501363,(24.893581964832624+0j),546.0,482.0,2608.0,2564.0,750.0,690.0,592.0,274234053.2395781,274175199.08987486,3075.0,2533.0,3075.0,158.0,143.0,1997.0,2269.0,1952.0,,,,,,589.0,0.07,27.66,5.0,4.19,Safe
KAJARIACER,16870.0,35.7,182.0,23.1,17.2,47.69,3.2744673853899897,(9.860324087013073+0j),457.0,204.0,4374.0,4219.0,695.0,499.0,577.0,159344490.9344491,159126365.05460218,3563.0,3272.0,3563.0,89.0,96.0,2883.0,2899.0,2608.0,,,,,,563.0,0.03,24.4,6.0,4.58,Safe
KPIL,21645.0,20.3,481.0,17.1,13.9,33.58,17.41915528662581,(14.148166947370623+0j),832.0,648.0,23210.0,18888.0,2029.0,1756.0,1634.0,170806815.84890166,170795993.67422247,25338.0,23466.0,25338.0,2995.0,3461.0,8180.0,8214.0,7185.0,,,,,,764.0,0.36,12.14,5.0,1.83,Grey
KALYANKJIL,36394.0,27.7,59.3,23.7,24.1,62.86,38.87596155514088,(48.74516582089754+0j),1285.0,689.0,31027.0,21639.0,2124.0,1314.0,1828.0,1032958199.3569132,1031437125.7485031,17055.0,12709.0,17055.0,3232.0,3301.0,5088.0,6121.0,4777.0,,,,,,1587.0,0.53,18.66,7.0,2.07,Grey
KFINTECH,14113.0,39.8,95.4,30.6,23.3,22.86,18.529030495549414,(20.05026629754294+0j),346.0,326.0,1159.0,1056.0,508.0,469.0,441.0,172396611.85849527,172304439.7463002,2015.0,1733.0,2015.0,42.0,45.0,1473.0,1646.0,1400.0,,,,,,384.0,0.03,27.86,,,
KIRLOSENG,24291.0,52.4,231.0,19.1,14.6,41.08,11.117076669229276,(19.324499174194585+0j),461.0,432.0,5647.0,5113.0,737.0,650.0,594.0,145334174.0226986,145210084.03361344,4837.0,4308.0,4837.0,131.0,175.0,3325.0,3354.0,2976.0,,,,,,511.0,0.04,33.14,5.0,3.79,Safe
LGEINDIA,101171.0,60.0,113.0,32.2,24.7,85.0,7.393566817809871,,1685.0,2203.0,24605.0,24367.0,2408.0,3115.0,2012.0,678614579.1381394,678681454.0973506,13636.0,11517.0,13636.0,459.0,428.0,6987.0,7666.0,5970.0,,,,,,1721.0,0.06,42.21,5.0,3.25,Safe
LTFOODS,13767.0,56.5,55.4,16.8,13.1,51.0,1.0531524368254885,(14.910226530292459+0j),243.0,212.0,4040.0,4085.0,291.0,257.0,246.0,346647646.21968615,346972176.7594108,3032.0,2684.0,3032.0,133.0,124.0,1887.0,1922.0,1801.0,,,,,,211.0,0.07,47.77,6.0,3.24,Safe
LATENTVIEW,6756.0,52.2,64.0,13.5,10.3,65.1,14.663813565647388,(3.052714224186337+0j),129.0,83.0,398.0,347.0,113.0,78.0,99.0,206070287.5399361,207500000.0,1399.0,1262.0,1399.0,26.0,19.0,1303.0,1324.0,1193.0,,,,,,52.0,0.02,60.02,6.0,4.51,Safe
LEMONTREE,8977.0,77.8,16.4,11.2,8.33,22.32,10.564942155323621,(8.941058752432497+0j),102.0,100.0,419.0,385.0,211.0,198.0,191.0,796875000.0,787401574.8031496,1721.0,1700.0,1721.0,363.0,398.0,508.0,1300.0,1257.0,,,,,,171.0,0.28,44.27,6.0,2.5,Grey
LICI,514191.0,8.96,277.0,35.3,38.1,96.5,7.697884263323118,(16.40767543363686+0j),57419.0,48151.0,976280.0,886763.0,47684.0,53123.0,47684.0,6325071601.674377,6324839091.028504,5904460.0,5623844.0,5904460.0,0.0,0.0,169031.0,175356.0,126188.0,,,,,,,0.0,10.78,,,
LLOYDSME,97773.0,30.6,209.0,36.2,35.1,61.65,59.79435380227647,,3194.0,1451.0,13681.0,6721.0,4516.0,1953.0,4273.0,562720225.5109231,523260007.2124053,20327.0,9407.0,20327.0,5505.0,785.0,11725.0,11781.0,6403.0,,,,,,4816.0,0.47,22.87,5.0,3.9,Safe
MRF,53771.0,22.4,48223.0,16.3,12.4,27.77,10.728083394819965,(42.36968959535518+0j),2355.0,1823.0,30652.0,27665.0,4752.0,3963.0,3005.0,4240378.12288994,4242149.2315031355,31296.0,29096.0,31296.0,1690.0,2453.0,20448.0,20452.0,18176.0,,,,,,4639.0,0.08,11.67,8.0,3.46,Safe
M&M,383169.0,23.6,598.0,31.1,23.9,18.45,19.474720725727824,(33.66587877802354+0j),15639.0,11855.0,147765.0,118625.0,23167.0,18416.0,18874.0,1243559160.3053434,1243574950.173083,120603.0,99649.0,120603.0,1653.0,1682.0,73724.0,74325.0,61585.0,,,,,,22758.0,0.02,16.61,8.0,3.69,Safe
MRPL,26110.0,13.5,80.8,17.7,14.2,88.58,-6.657954897906326,(-9.867441690062028+0j),1931.0,51.0,88667.0,94682.0,6235.0,2306.0,4715.0,1752268602.540835,1758620689.6551726,44452.0,34406.0,44452.0,15341.0,13143.0,12414.0,14167.0,12934.0,,,,,,2531.0,1.08,6.65,7.0,1.96,Grey
MARUTI,408315.0,28.3,3343.0,19.2,14.5,58.53,15.963062778453207,(19.914553553682502+0j),14445.0,13955.0,183266.0,151900.0,21450.0,17826.0,14710.0,314390806.59905106,314400937.2324607,146742.0,125620.0,146742.0,102.0,76.0,104953.0,105110.0,94047.0,,,,,,19063.0,0.0,19.04,5.0,3.76,Safe
MINDACORP,13739.0,56.8,93.0,12.1,11.7,64.84,12.838322724389183,(0.1323628282226208+0j),242.0,206.0,5017.0,4144.0,579.0,478.0,388.0,239603960.3960396,239256678.28106853,4700.0,4376.0,4700.0,1484.0,1625.0,2176.0,2224.0,1906.0,,,,,,-0.0,0.67,26.29,5.0,2.56,Grey
MSUMI,26301.0,42.1,3.26,38.9,32.4,61.72,17.54113856218926,(8.79317830228561+0j),625.0,606.0,11478.0,9319.0,1060.0,996.0,844.0,6648936170.212767,6659340659.340659,4746.0,3729.0,4746.0,233.0,269.0,1499.0,2162.0,1698.0,,,,,,761.0,0.11,25.03,5.0,2.7,Safe
MOTILALOFS,51141.0,55.4,132.0,10.5,12.2,67.54,21.30681120630733,(16.8439568655629+0j),923.0,1391.0,4759.0,5359.0,1940.0,2509.0,1844.0,602087410.3065884,599052540.9130061,29883.0,22321.0,29883.0,13732.0,8757.0,7890.0,7950.0,7117.0,,,,,,-5527.0,1.73,33.44,,,
MCX,83380.0,81.0,110.0,57.9,43.4,,68.65521942809889,(99.40886354719964+0j),1029.0,415.0,2154.0,1012.0,1322.0,520.0,1247.0,254955401.3875124,255070682.23724648,3730.0,2296.0,3730.0,5.0,1.0,2765.0,2816.0,1927.0,,,,,,1464.0,0.0,63.07,,,
MUTHOOTFIN,132352.0,13.1,940.0,16.0,30.6,73.35,,(42.8920780641288+0j),10134.0,5201.0,,,,,,401457829.8934358,401497606.9167825,179945.0,121249.0,179945.0,,,37341.0,37742.0,28437.0,,,,,,-42324.0,0.0,,,,
NBCC,25601.0,40.7,9.34,32.1,24.1,61.75,10.37653236095979,(38.80649721423553+0j),620.0,476.0,9058.0,8725.0,537.0,516.0,528.0,2695652173.9130435,2704545454.5454545,9275.0,9703.0,9275.0,0.0,0.0,2251.0,2521.0,2328.0,,,,,,1045.0,0.0,47.67,7.0,1.46,Grey
NLCINDIA,47790.0,18.9,139.0,13.0,13.8,72.2,-5.6987506472255145,(26.4801811053206+0j),2525.0,1900.0,10864.0,10286.0,2946.0,2355.0,1493.0,1386600768.808347,1386861313.8686132,37617.0,36325.0,37617.0,10182.0,7561.0,17884.0,19271.0,17466.0,,,,,,2513.0,0.53,19.68,6.0,2.35,Grey
NMDC,77236.0,11.2,36.8,30.3,24.4,60.79,15.659184819091742,(7.6646179826670435+0j),6897.0,6693.0,27334.0,23668.0,8679.0,8259.0,8240.0,8785987261.146498,8795006570.302233,42253.0,40828.0,42253.0,3640.0,4276.0,31427.0,32306.0,29579.0,,,,,,1577.0,0.11,9.32,5.0,4.54,Safe
NATIONALUM,75164.0,12.9,119.0,39.2,29.2,51.28,7.765539794311893,(55.5788973666524+0j),5816.0,5325.0,17843.0,16788.0,7947.0,7565.0,7202.0,1836438269.6558256,1836840289.755088,26803.0,23122.0,26803.0,60.0,182.0,20944.0,21862.0,18045.0,,,,,,6438.0,0.0,9.47,5.0,5.21,Safe
NAVA,17236.0,30.2,151.0,16.8,14.5,50.11,6.3580216278751545,(42.56151629789073+0j),911.0,422.0,1925.0,1612.0,386.0,375.0,352.0,283007145.0761106,283221476.5100671,4608.0,3941.0,4608.0,37.0,23.0,4259.0,4287.0,3608.0,,,,,,347.0,0.01,44.75,5.0,4.5,Safe
NAVINFLUOR,36549.0,74.2,715.0,21.3,16.0,27.1,12.240684415454783,(14.715075467774529+0j),488.0,242.0,2302.0,1687.0,664.0,339.0,584.0,51287440.882816605,49610496.104961045,4390.0,2967.0,4390.0,92.0,58.0,3656.0,3666.0,2497.0,,,,,,511.0,0.03,55.18,5.0,4.49,Safe
NESTLEIND,274418.0,79.5,27.5,84.2,73.2,62.76,6.579467149780771,(5.73165687374122+0j),3545.0,3314.0,23155.0,20202.0,5306.0,4771.0,4607.0,1928726877.0402613,1927865037.8126817,13357.0,12324.0,13357.0,444.0,1167.0,5116.0,5309.0,4117.0,,,,,,5048.0,0.08,51.8,5.0,3.98,Safe
NEULANDLAB,21417.0,59.0,1454.0,26.6,21.5,32.63,19.314907007563043,(30.57047173809282+0j),363.0,259.0,2023.0,1477.0,573.0,330.0,481.0,12825948.696205216,12808466.445774194,2928.0,2178.0,2928.0,301.0,157.0,1853.0,1866.0,1518.0,,,,,,348.0,0.16,37.9,5.0,3.84,Safe
NAM-INDIA,68961.0,46.0,69.3,45.2,35.5,71.93,21.056301638694496,(26.955023605422944+0j),1498.0,1252.0,2528.0,2344.0,1764.0,1687.0,1726.0,638261610.5666809,634566649.7719209,4885.0,4416.0,4885.0,66.0,83.0,3785.0,4423.0,4014.0,,,,,,1421.0,0.01,39.13,,,
NUVAMA,26979.0,47.6,115.0,23.7,28.2,54.13,50.058012803758636,,567.0,598.0,1186.0,1354.0,697.0,783.0,680.0,181964056.4826701,180012040.93919325,3595.0,7285.0,3595.0,1109.0,757.0,2051.0,2087.0,1935.0,,,,,,-8.0,0.53,40.3,,,
OBEROIRLTY,60343.0,30.4,443.0,15.5,13.0,67.71,14.909417026859707,(-5.4981021818682585+0j),1968.0,1769.0,4916.0,4372.0,2650.0,2509.0,2551.0,363502031.7694865,363692434.2105263,22935.0,20768.0,22935.0,2825.0,3298.0,15729.0,16093.0,14416.0,,,,,,1353.0,0.18,23.84,6.0,3.72,Safe
OFSS,82929.0,29.9,806.0,49.4,38.1,72.44,10.337258992552334,(15.825450958973143+0j),2775.0,3351.0,5717.0,5099.0,2990.0,2650.0,2934.0,87047899.87138869,86871986.31202364,7863.0,8328.0,7863.0,22.0,33.0,6971.0,7015.0,7562.0,,,,,,2129.0,0.0,27.74,5.0,6.33,Safe
PAGEIND,44008.0,55.7,1347.0,64.4,54.3,42.89,3.635169489249912,(10.168015116328167+0j),764.0,729.0,5247.0,4935.0,1153.0,1063.0,1046.0,11156542.056074766,11151733.949304737,2856.0,2643.0,2856.0,277.0,262.0,1491.0,1502.0,1407.0,,,,,,794.0,0.18,38.41,5.0,4.72,Safe
PERSISTENT,78406.0,46.1,425.0,35.6,26.8,30.29,41.26523101707284,(26.057007566318056+0j),1635.0,1155.0,14428.0,11728.0,2466.0,1616.0,2200.0,157757622.53956002,154639175.25773197,10680.0,8005.0,10680.0,394.0,232.0,6631.0,6710.0,5974.0,,,,,,1807.0,0.06,31.95,5.0,4.07,Safe
PETRONET,40852.0,10.6,145.0,23.4,18.7,50.0,-10.117890956600316,(5.854288670199503+0j),3843.0,3926.0,43495.0,50980.0,5338.0,5525.0,4500.0,1500000000.0,1499618029.0297937,26875.0,26829.0,26875.0,2341.0,2657.0,20220.0,21720.0,19382.0,,,,,,4753.0,0.11,8.09,5.0,4.43,Safe
PFIZER,21368.0,28.2,919.0,24.2,18.0,63.92,1.2891513960037626,(5.009554597642407+0j),722.0,768.0,2520.0,2281.0,904.0,742.0,846.0,45719351.57041541,45771500.08939746,4922.0,4911.0,4922.0,70.0,41.0,4157.0,4203.0,4218.0,,,,,,968.0,0.02,23.71,6.0,4.8,Safe
PIDILITIND,150468.0,63.0,105.0,31.0,23.5,69.32,8.373111102669807,(23.727868043314658+0j),2384.0,2074.0,13488.0,12073.0,3300.0,2836.0,2964.0,1017498932.9918908,1017165277.0966159,14621.0,13271.0,14621.0,276.0,272.0,10564.0,10666.0,9677.0,,,,,,2643.0,0.03,45.68,7.0,4.48,Safe
POLYCAB,139471.0,53.6,787.0,34.0,24.1,61.5,26.528593390377498,(26.804693793318556+0j),2601.0,2002.0,28185.0,21914.0,3847.0,2868.0,3474.0,150555684.18615422,150424524.75768277,19954.0,13393.0,19954.0,89.0,76.0,11694.0,11845.0,9762.0,,,,,,3747.0,0.01,36.28,5.0,3.7,Safe
RRKABEL,22028.0,44.0,227.0,28.0,21.3,61.65,20.193703284293065,(29.680696925985362+0j),487.0,310.0,9722.0,7618.0,784.0,487.0,692.0,113124274.09988387,113262696.38290098,4609.0,3512.0,4609.0,337.0,290.0,2506.0,2563.0,2148.0,,,,,,295.0,0.13,28.53,6.0,3.37,Safe
RITES,9802.0,24.5,53.4,20.6,15.7,72.2,-3.3376745433326693,(-8.925039320041162+0j),401.0,380.0,2276.0,2095.0,434.0,410.0,377.0,480815347.72182256,480404551.20101136,5689.0,5899.0,5689.0,7.0,9.0,2084.0,2565.0,2534.0,,,,,,236.0,0.0,22.6,5.0,2.11,Grey
RADICO,47694.0,77.6,243.0,24.6,20.7,40.2,24.527420837636104,(43.30730959896667+0j),603.0,345.0,6050.0,4843.0,1021.0,674.0,868.0,134000000.0,133720930.23255813,4906.0,4605.0,4906.0,498.0,750.0,3223.0,3250.0,2691.0,,,,,,742.0,0.15,47.2,7.0,4.03,Safe
RVNL,56525.0,58.8,41.2,15.0,14.4,72.84,-0.9507319916148615,(-8.813100615258696+0j),962.0,1189.0,19709.0,19869.0,910.0,1101.0,874.0,2086767895.8785248,2085964912.2807016,18388.0,19485.0,18388.0,4799.0,5419.0,6503.0,8588.0,8624.0,,,,,,1920.0,0.56,67.39,5.0,1.96,Grey
RAILTEL,10273.0,28.2,70.5,22.8,17.1,72.84,29.772540945167215,(22.497656737877357+0j),346.0,300.0,4277.0,3478.0,636.0,535.0,447.0,320667284.5227062,321199143.46895075,5830.0,5161.0,5830.0,64.0,45.0,1941.0,2262.0,2000.0,,,,,,316.0,0.03,16.25,5.0,2.01,Grey
SBFC,10090.0,22.4,33.7,11.8,13.0,52.35,,(34.573427170564884+0j),451.0,345.0,,,,,,1108108108.108108,1084905660.3773584,11085.0,8596.0,11085.0,,,2619.0,3725.0,3190.0,,,,,,-1893.0,0.0,,,,
SBICARD,59019.0,27.2,165.0,10.1,14.7,68.92,,(-1.5603175957831228+0j),2167.0,1916.0,,,,,,951690821.2560387,951340615.6901687,66328.0,65546.0,66328.0,,,14774.0,15726.0,13781.0,,,,,,493.0,0.0,,,,
SBILIFE,187634.0,76.0,190.0,15.0,13.7,55.33,11.67850590362043,(12.736058029949548+0j),2470.0,2413.0,112315.0,116888.0,749.0,2776.0,749.0,1002842062.5253756,1002076411.960133,500046.0,457095.0,500046.0,0.0,0.0,18083.0,19086.0,16985.0,,,,,,34523.0,0.0,250.51,,,
SJVN,28723.0,28.5,37.4,10.0,7.06,81.85,6.4966740292409675,(-9.641260582556132+0j),1008.0,970.0,3545.0,2897.0,2794.0,2124.0,2162.0,3937500000.0,3927125506.072874,27350.0,26887.0,27350.0,10382.0,10519.0,10855.0,14785.0,14282.0,,,,,,1960.0,0.7,14.0,7.0,2.39,Grey
SRF,78238.0,43.7,428.0,15.9,14.8,50.26,0.9489478330957146,(-5.186725814013727+0j),1725.0,1268.0,12421.0,11698.0,3023.0,2456.0,2334.0,296493640.42626333,296400187.00327253,19838.0,18030.0,19838.0,3390.0,3337.0,12383.0,12680.0,11568.0,,,,,,2346.0,0.27,27.0,6.0,3.5,Safe
SAILIFE,23625.0,68.0,118.0,19.2,14.9,34.61,22.99955974351393,,341.0,173.0,2153.0,1642.0,600.0,394.0,448.0,211538461.53846154,207932692.3076923,3603.0,3137.0,3603.0,223.0,287.0,2487.0,2508.0,2168.0,,,,,,,0.09,39.75,5.0,3.82,Safe
SARDAEN,20028.0,21.1,191.0,18.0,15.1,73.16,12.796075098277516,(14.105248398253579+0j),949.0,608.0,4334.0,3484.0,1370.0,956.0,1160.0,352526002.9717682,352259559.6755504,8891.0,7826.0,8891.0,1416.0,1537.0,6678.0,6713.0,5819.0,,,,,,1319.0,0.21,15.65,7.0,4.12,Safe
SCHNEIDER,31265.0,119.0,27.5,40.9,74.0,75.0,17.571823414456755,(25.625491554348123+0j),245.0,268.0,2888.0,2637.0,412.0,383.0,383.0,239024390.24390244,239285714.2857143,2065.0,1933.0,2065.0,527.0,606.0,610.0,658.0,478.0,,,,,,308.0,0.8,77.17,6.0,2.54,Grey
SCI,14733.0,11.1,182.0,14.8,16.3,63.75,-0.09213410721398141,(18.337239986491017+0j),1326.0,814.0,5778.0,5592.0,2193.0,1768.0,1129.0,465753424.65753424,465675057.20823795,12707.0,11132.0,12707.0,2679.0,2228.0,8023.0,8489.0,7744.0,,,,,,1341.0,0.32,7.94,5.0,3.36,Safe
SHREECEM,89426.0,52.4,6239.0,10.6,7.8,62.56,4.6758952650833185,(8.70958359009224+0j),1706.0,1196.0,19311.0,18037.0,4191.0,3837.0,1859.0,36075280.18608586,36074078.54255897,30095.0,27756.0,30095.0,1795.0,1032.0,22476.0,22512.0,21211.0,,,,,,3493.0,0.08,21.77,5.0,3.64,Safe
SHRIRAMFIN,221401.0,22.1,349.0,11.5,16.4,20.3,,(18.49377787780826+0j),9998.0,9761.0,,,,,,1881445238.9913435,1880369870.9304566,321155.0,293533.0,321155.0,,,65329.0,65705.0,56280.0,,,,,,-12981.0,0.0,,,,
SHYAMMETL,26456.0,47.8,231.0,12.3,8.9,74.59,3.737854029851362,(19.12025687853096+0j),553.0,490.0,6993.0,6474.0,923.0,777.0,683.0,279151943.46289754,279361459.5210947,8723.0,7424.0,8723.0,305.0,205.0,6158.0,6436.0,5987.0,,,,,,690.0,0.05,28.99,5.0,3.6,Safe
ENRIN,124938.0,92.7,135.0,67.8,50.5,75.0,,,1310.0,1100.0,8735.0,7827.0,1779.0,1532.0,1654.0,356075020.38597447,356102298.478472,10218.0,9545.0,10218.0,216.0,148.0,4741.0,4812.0,4381.0,,,,,,3670.0,0.04,70.35,7.0,3.09,Safe
SIEMENS,135742.0,88.7,366.0,14.9,11.4,75.0,-4.927567672221311,(-4.354289499067477+0j),1672.0,2026.0,15438.0,15485.0,1603.0,1649.0,1434.0,356047700.17035776,356125856.91685706,18810.0,24380.0,18810.0,98.0,257.0,12970.0,13041.0,15247.0,,,,,,101.0,0.01,84.74,6.0,3.49,Safe
SOLARINDS,164077.0,134.0,467.0,43.6,33.5,73.15,10.2776942195695,(39.982832150032934+0j),1222.0,803.0,5579.0,4457.0,1559.0,1097.0,1459.0,90511813.93970817,90478873.23943663,5529.0,4436.0,5529.0,149.0,200.0,4209.0,4227.0,3067.0,,,,,,927.0,0.04,105.34,6.0,5.06,Safe
SONATSOFTW,7513.0,25.1,29.1,42.7,36.9,28.17,14.069523694617958,(8.140393642214194+0j),279.0,214.0,1367.0,991.0,180.0,77.0,149.0,280684104.6277666,280839895.01312333,1396.0,1024.0,1396.0,202.0,25.0,788.0,816.0,804.0,,,,,,43.0,0.25,42.86,5.0,3.17,Safe
SUPREMEIND,45171.0,49.6,429.0,23.2,17.5,48.96,6.830059019204393,(6.031864025671774+0j),911.0,897.0,11218.0,10446.0,1554.0,1433.0,1126.0,126986339.5595205,127053824.36260624,7077.0,6493.0,7077.0,91.0,76.0,5427.0,5452.0,4986.0,,,,,,1224.0,0.02,29.13,5.0,4.38,Safe
SPLPETRO,13011.0,38.9,126.0,19.2,14.6,64.24,0.32051501208154587,(-13.056135959194426+0j),327.0,391.0,5338.0,6023.0,515.0,535.0,424.0,187823090.1780586,188252286.9523351,3467.0,3448.0,3467.0,126.0,130.0,2333.0,2371.0,2232.0,,,,,,246.0,0.05,25.51,5.0,3.73,Safe
SUZLON,73128.0,23.5,5.37,36.2,45.6,11.73,56.27371599160678,(9.798513310541622+0j),3091.0,2105.0,13701.0,10198.0,2460.0,1670.0,2284.0,13497816593.886463,13580645161.290321,14761.0,12344.0,14761.0,74.0,36.0,4564.0,7308.0,5529.0,,,,,,916.0,0.01,29.76,6.0,2.57,Grey
SYRMA,20032.0,67.7,154.0,15.8,13.3,42.28,56.65164274359624,(69.74211465784124+0j),293.0,80.0,4367.0,2278.0,443.0,144.0,375.0,192636423.40565416,178571428.57142857,5235.0,3478.0,5235.0,272.0,539.0,2769.0,2962.0,1498.0,,,,,,253.0,0.09,45.83,6.0,2.8,Safe
TVSMOTOR,162361.0,44.5,236.0,38.2,34.4,50.27,21.464093350224054,(34.35192884735214+0j),3615.0,2711.0,47270.0,36251.0,6079.0,4454.0,5178.0,475032851.51116955,475197195.44259423,25916.0,19963.0,25916.0,3733.0,2036.0,11187.0,11235.0,9937.0,,,,,,5730.0,0.33,27.32,7.0,3.21,Safe
TATACONSUM,117936.0,72.3,180.0,11.9,9.37,33.83,17.567400871680494,(12.475847546018493+0j),1635.0,1255.0,14700.0,12802.0,1834.0,1409.0,1605.0,989709443.0992737,989747634.0694007,22630.0,21495.0,22630.0,677.0,444.0,17706.0,17805.0,17010.0,,,,,,1451.0,0.04,64.67,6.0,3.85,Safe
TATAELXSI,26857.0,38.6,488.0,29.9,23.6,43.9,6.106058396098657,(-5.949198009149637+0j),628.0,785.0,3757.0,3729.0,847.0,974.0,753.0,62252180.80888184,62286757.12132032,3963.0,3586.0,3963.0,162.0,196.0,2979.0,3041.0,2860.0,,,,,,664.0,0.05,31.9,5.0,4.53,Safe
TMCV,141015.0,24.1,36.4,111.0,87.4,42.56,,,3362.0,-0.0,77399.0,0.0,9978.0,-0.0,8276.0,3682365826.94414,,43696.0,0.0,43696.0,3375.0,0.0,12663.0,13399.0,0.1,,,,,,11312.0,0.25,14.47,6.0,2.54,Grey
TMPV,133801.0,29.8,67.8,16.4,15.4,42.56,-4.17555542575233,(207.11119785599647+0j),87569.0,5452.0,57859.0,69419.0,2630.0,8011.0,-102.0,3682309406.6691895,3681296421.3369346,43323.0,65420.0,43323.0,2873.0,9006.0,24223.0,24960.0,33442.0,,,,,,2991.0,0.12,51.97,5.0,2.41,Grey
TATASTEEL,261143.0,15.5,109.0,14.0,12.9,33.19,-0.7503584342843705,(2.3037044043732635+0j),16065.0,13970.0,139720.0,132517.0,32472.0,27865.0,25403.0,12482517482.517483,12484361036.639858,272747.0,254133.0,272747.0,69049.0,63223.0,134285.0,135534.0,126732.0,,,,,,31961.0,0.51,10.17,6.0,2.75,Safe
TECHM,139369.0,34.5,222.0,24.3,18.3,34.97,4.677359628212185,(0.5215998591101334+0j),3859.0,3506.0,48927.0,44617.0,5963.0,4258.0,5090.0,979690276.7199796,979056129.572745,38299.0,36181.0,38299.0,1505.0,982.0,21232.0,21722.0,22421.0,,,,,,4594.0,0.07,23.62,6.0,3.3,Safe
TECHNOE,15520.0,30.7,336.0,16.6,12.9,56.93,46.18677446663311,(31.06337565280235+0j),531.0,428.0,3021.0,2402.0,418.0,328.0,410.0,116243432.57443082,116272751.96957348,5936.0,5592.0,5936.0,34.0,0.0,3886.0,3909.0,3767.0,,,,,,837.0,0.01,37.21,7.0,3.29,Safe
TENNIND,23980.0,78.0,146.0,13.7,9.86,74.79,12.50278314437654,(18.983177822265908+0j),306.0,244.0,2237.0,3057.0,468.0,390.0,419.0,403693931.3984169,214599824.09850484,6450.0,6392.0,6450.0,15.0,16.0,5484.0,5888.0,5874.0,,,,,,420.0,0.0,51.27,6.0,4.17,Safe
TIMKEN,28209.0,70.8,395.0,18.3,13.7,51.05,6.795321965673584,(0.6439040083806358+0j),398.0,447.0,3419.0,3148.0,612.0,592.0,506.0,75151057.40181269,75151311.36516477,3751.0,3425.0,3751.0,15.0,17.0,2898.0,2973.0,2845.0,,,,,,437.0,0.01,46.12,5.0,4.26,Safe
TITAN,362199.0,77.1,231.0,18.7,25.2,52.9,26.546046026917836,(11.580083350311444+0j),4630.0,3335.0,77554.0,54842.0,7303.0,5292.0,6707.0,887823585.810163,887676337.5033271,53617.0,41075.0,53617.0,23009.0,17171.0,20398.0,20487.0,16811.0,,,,,,4865.0,1.12,52.75,5.0,2.48,Grey
TRAVELFOOD,14888.0,43.5,68.3,41.0,40.5,86.19,12.426853035294627,(-62.65316552852469+0j),343.0,300.0,1269.0,1214.0,539.0,471.0,405.0,131872356.78585158,131694468.83230904,1646.0,1597.0,1646.0,273.0,320.0,886.0,899.0,798.0,,,,,,433.0,0.3,28.13,7.0,3.98,Safe
TRENT,152735.0,76.8,217.0,29.5,29.2,37.01,36.683926703540884,(52.53066406534117+0j),1968.0,1585.0,19701.0,16668.0,3643.0,2812.0,2327.0,355491329.4797688,355540601.16644233,12226.0,9699.0,12226.0,2508.0,2206.0,7667.0,7703.0,5915.0,,,,,,2630.0,0.33,42.61,6.0,3.98,Safe
TIINDIA,58287.0,69.0,309.0,19.5,15.1,44.05,5.744406955407189,(7.4709262961013545+0j),827.0,1297.0,8556.0,7893.0,1084.0,962.0,895.0,193450292.39766082,193553201.0147739,7492.0,6576.0,7492.0,50.0,153.0,5968.0,5987.0,5210.0,,,,,,898.0,0.01,53.82,6.0,4.24,Safe
UNOMINDA,62902.0,62.9,100.0,19.1,18.9,68.36,26.937487104879065,(27.70980792896467+0j),972.0,796.0,14700.0,12456.0,1624.0,1300.0,1114.0,577540106.9518718,573900504.6863735,10251.0,8902.0,10251.0,1883.0,1925.0,5678.0,5793.0,4806.0,,,,,,1399.0,0.33,39.89,7.0,3.13,Safe
UTIAMC,12251.0,19.7,291.0,21.4,16.5,,10.56590873348009,(7.914784617975612+0j),540.0,654.0,1476.0,1449.0,849.0,920.0,804.0,128571428.57142857,128059526.14059134,4191.0,4179.0,4191.0,129.0,0.0,3607.0,3736.0,3786.0,,,,,,419.0,0.03,14.58,,,
ULTRACEMCO,340914.0,45.6,2534.0,12.7,10.4,59.33,10.2977009722792,(13.577570219784342+0j),7405.0,6193.0,82170.0,71895.0,15439.0,12546.0,11384.0,294667727.8153601,294694266.0004758,127841.0,121340.0,127841.0,20480.0,20360.0,74369.0,74664.0,69678.0,,,,,,14398.0,0.27,23.41,8.0,3.11,Safe
UNITDSPR,93254.0,49.2,120.0,29.6,22.8,56.68,6.263580540707636,(20.276499851003706+0j),1830.0,1558.0,12448.0,11573.0,2296.0,2058.0,2013.0,727344992.0508744,727357609.7105508,13864.0,12718.0,13864.0,405.0,480.0,8576.0,8721.0,7879.0,,,,,,1483.0,0.05,40.79,6.0,3.65,Safe
USHAMART,14192.0,36.3,58.7,30.0,23.5,40.52,4.226310385087406,(18.246548417751107+0j),353.0,302.0,2312.0,2171.0,501.0,422.0,444.0,304572907.67903364,304435483.87096775,2179.0,1980.0,2179.0,3.0,126.0,1758.0,1789.0,1531.0,,,,,,445.0,0.0,28.33,6.0,4.86,Safe
VBL,182458.0,65.5,55.5,19.1,14.6,59.43,5.903383247929872,(14.633959964461418+0j),2786.0,2677.0,15005.0,14557.0,3926.0,3765.0,3190.0,3381067961.1650486,3384323640.960809,21000.0,19484.0,21000.0,404.0,881.0,18088.0,18764.0,16558.0,,,,,,2577.0,0.02,46.58,5.0,4.77,Safe
VIJAYA,12626.0,70.8,91.7,22.1,20.6,52.51,19.348319192733697,(28.591911272747783+0j),178.0,135.0,765.0,627.0,322.0,253.0,242.0,102712060.0115407,102661596.9581749,1460.0,1224.0,1460.0,396.0,292.0,933.0,943.0,783.0,,,,,,256.0,0.42,40.44,6.0,3.88,Safe
VMM,56887.0,86.7,15.0,13.2,9.92,40.12,5.675261682001431,(36.53849621910632+0j),656.0,473.0,6631.0,5947.0,991.0,760.0,818.0,4685714285.714286,4592233009.708737,8648.0,7795.0,8648.0,133.0,133.0,2354.0,7027.0,6196.0,,,,,,754.0,0.02,57.54,7.0,2.38,Grey
WAAREEENER,86223.0,21.6,456.0,42.8,35.4,64.19,47.56164571398935,(77.62426646220032+0j),3762.0,1781.0,20991.0,12765.0,4781.0,2398.0,4074.0,287614678.89908254,287258064.516129,23129.0,17852.0,23129.0,2015.0,1002.0,12842.0,13130.0,9407.0,,,,,,705.0,0.15,18.46,5.0,3.59,Safe
WELCORP,33699.0,40.1,195.0,22.7,17.8,49.73,2.391372324689578,(53.60917797894504+0j),1014.0,842.0,8299.0,8835.0,1024.0,924.0,873.0,263925039.04216552,262468827.9301746,9067.0,8140.0,9067.0,430.0,417.0,5022.0,5154.0,4299.0,,,,,,806.0,0.08,33.33,5.0,3.05,Safe
ECLERX,14838.0,32.4,129.0,41.7,35.6,54.53,14.820670379681665,(8.083593174890513+0j),458.0,360.0,2858.0,2432.0,649.0,525.0,553.0,94045174.53798768,95440084.83563097,2094.0,2043.0,2094.0,254.0,262.0,1120.0,1212.0,1358.0,,,,,,471.0,0.21,23.25,8.0,4.13,Safe
